<api>
<package name="com.inmobi.ads"
>
<class name="InMobiAdRequestStatus"
 extends="java.lang.Object"
 abstract="false"
 static="false"
 final="true"
 deprecated="not deprecated"
 visibility="public"
>
<method name="getMessage"
 return="java.lang.String"
 abstract="false"
 native="false"
 synchronized="false"
 static="false"
 final="false"
 deprecated="not deprecated"
 visibility="public"
>
</method>
<method name="getStatusCode"
 return="com.inmobi.ads.InMobiAdRequestStatus.StatusCode"
 abstract="false"
 native="false"
 synchronized="false"
 static="false"
 final="false"
 deprecated="not deprecated"
 visibility="public"
>
</method>
<method name="setCustomMessage"
 return="com.inmobi.ads.InMobiAdRequestStatus"
 abstract="false"
 native="false"
 synchronized="false"
 static="false"
 final="false"
 deprecated="not deprecated"
 visibility="public"
>
<parameter name="message" type="java.lang.String">
</parameter>
</method>
</class>
<class name="InMobiAdRequestStatus.StatusCode"
 extends="java.lang.Enum"
 abstract="false"
 static="true"
 final="true"
 deprecated="not deprecated"
 visibility="public"
>
<method name="valueOf"
 return="com.inmobi.ads.InMobiAdRequestStatus.StatusCode"
 abstract="false"
 native="false"
 synchronized="false"
 static="true"
 final="false"
 deprecated="not deprecated"
 visibility="public"
>
<parameter name="name" type="java.lang.String">
</parameter>
</method>
<method name="values"
 return="com.inmobi.ads.InMobiAdRequestStatus.StatusCode[]"
 abstract="false"
 native="false"
 synchronized="false"
 static="true"
 final="true"
 deprecated="not deprecated"
 visibility="public"
>
</method>
</class>
<class name="InMobiBanner"
 extends="RelativeLayout"
 abstract="false"
 static="false"
 final="true"
 deprecated="not deprecated"
 visibility="public"
>
<constructor name="InMobiBanner"
 type="com.inmobi.ads.InMobiBanner"
 static="false"
 final="false"
 deprecated="deprecated"
 visibility="public"
>
<parameter name="context" type="Context">
</parameter>
<parameter name="attributeSet" type="AttributeSet">
</parameter>
</constructor>
<constructor name="InMobiBanner"
 type="com.inmobi.ads.InMobiBanner"
 static="false"
 final="false"
 deprecated="not deprecated"
 visibility="public"
>
<parameter name="activity" type="Activity">
</parameter>
<parameter name="attributeSet" type="AttributeSet">
</parameter>
</constructor>
<constructor name="InMobiBanner"
 type="com.inmobi.ads.InMobiBanner"
 static="false"
 final="false"
 deprecated="deprecated"
 visibility="public"
>
<parameter name="context" type="Context">
</parameter>
<parameter name="placementId" type="long">
</parameter>
</constructor>
<constructor name="InMobiBanner"
 type="com.inmobi.ads.InMobiBanner"
 static="false"
 final="false"
 deprecated="not deprecated"
 visibility="public"
>
<parameter name="activity" type="Activity">
</parameter>
<parameter name="placementId" type="long">
</parameter>
</constructor>
<method name="disableHardwareAcceleration"
 return="void"
 abstract="false"
 native="false"
 synchronized="false"
 static="false"
 final="false"
 deprecated="not deprecated"
 visibility="public"
>
</method>
<method name="load"
 return="void"
 abstract="false"
 native="false"
 synchronized="false"
 static="false"
 final="false"
 deprecated="not deprecated"
 visibility="public"
>
</method>
<method name="onWindowFocusChanged"
 return="void"
 abstract="false"
 native="false"
 synchronized="false"
 static="false"
 final="false"
 deprecated="not deprecated"
 visibility="public"
>
<parameter name="hasWindowFocus" type="boolean">
</parameter>
</method>
<method name="setAnimationType"
 return="void"
 abstract="false"
 native="false"
 synchronized="false"
 static="false"
 final="false"
 deprecated="not deprecated"
 visibility="public"
>
<parameter name="animationType" type="com.inmobi.ads.InMobiBanner.AnimationType">
</parameter>
</method>
<method name="setBannerSize"
 return="void"
 abstract="false"
 native="false"
 synchronized="false"
 static="false"
 final="false"
 deprecated="not deprecated"
 visibility="public"
>
<parameter name="widthInDp" type="int">
</parameter>
<parameter name="heightInDp" type="int">
</parameter>
</method>
<method name="setEnableAutoRefresh"
 return="void"
 abstract="false"
 native="false"
 synchronized="false"
 static="false"
 final="false"
 deprecated="not deprecated"
 visibility="public"
>
<parameter name="enabled" type="boolean">
</parameter>
</method>
<method name="setExtras"
 return="void"
 abstract="false"
 native="false"
 synchronized="false"
 static="false"
 final="false"
 deprecated="not deprecated"
 visibility="public"
>
<parameter name="extras" type="java.util.Map&lt;java.lang.String, java.lang.String&gt;">
</parameter>
</method>
<method name="setKeywords"
 return="void"
 abstract="false"
 native="false"
 synchronized="false"
 static="false"
 final="false"
 deprecated="not deprecated"
 visibility="public"
>
<parameter name="keywords" type="java.lang.String">
</parameter>
</method>
<method name="setListener"
 return="void"
 abstract="false"
 native="false"
 synchronized="false"
 static="false"
 final="false"
 deprecated="not deprecated"
 visibility="public"
>
<parameter name="listener" type="com.inmobi.ads.InMobiBanner.BannerAdListener">
</parameter>
</method>
<method name="setRefreshInterval"
 return="void"
 abstract="false"
 native="false"
 synchronized="false"
 static="false"
 final="false"
 deprecated="not deprecated"
 visibility="public"
>
<parameter name="refreshInterval" type="int">
</parameter>
</method>
</class>
<class name="InMobiBanner.AnimationType"
 extends="java.lang.Enum"
 abstract="false"
 static="true"
 final="true"
 deprecated="not deprecated"
 visibility="public"
>
<method name="valueOf"
 return="com.inmobi.ads.InMobiBanner.AnimationType"
 abstract="false"
 native="false"
 synchronized="false"
 static="true"
 final="false"
 deprecated="not deprecated"
 visibility="public"
>
<parameter name="name" type="java.lang.String">
</parameter>
</method>
<method name="values"
 return="com.inmobi.ads.InMobiBanner.AnimationType[]"
 abstract="false"
 native="false"
 synchronized="false"
 static="true"
 final="true"
 deprecated="not deprecated"
 visibility="public"
>
</method>
</class>
<interface name="InMobiBanner.BannerAdListener"
 abstract="true"
 static="true"
 final="false"
 deprecated="not deprecated"
 visibility="public"
>
<method name="onAdDismissed"
 return="void"
 abstract="true"
 native="false"
 synchronized="false"
 static="false"
 final="false"
 deprecated="not deprecated"
 visibility="public"
>
<parameter name="ad" type="com.inmobi.ads.InMobiBanner">
</parameter>
</method>
<method name="onAdDisplayed"
 return="void"
 abstract="true"
 native="false"
 synchronized="false"
 static="false"
 final="false"
 deprecated="not deprecated"
 visibility="public"
>
<parameter name="ad" type="com.inmobi.ads.InMobiBanner">
</parameter>
</method>
<method name="onAdInteraction"
 return="void"
 abstract="true"
 native="false"
 synchronized="false"
 static="false"
 final="false"
 deprecated="not deprecated"
 visibility="public"
>
<parameter name="ad" type="com.inmobi.ads.InMobiBanner">
</parameter>
<parameter name="params" type="java.util.Map&lt;java.lang.Object, java.lang.Object&gt;">
</parameter>
</method>
<method name="onAdLoadFailed"
 return="void"
 abstract="true"
 native="false"
 synchronized="false"
 static="false"
 final="false"
 deprecated="not deprecated"
 visibility="public"
>
<parameter name="ad" type="com.inmobi.ads.InMobiBanner">
</parameter>
<parameter name="status" type="com.inmobi.ads.InMobiAdRequestStatus">
</parameter>
</method>
<method name="onAdLoadSucceeded"
 return="void"
 abstract="true"
 native="false"
 synchronized="false"
 static="false"
 final="false"
 deprecated="not deprecated"
 visibility="public"
>
<parameter name="ad" type="com.inmobi.ads.InMobiBanner">
</parameter>
</method>
<method name="onAdRewardActionCompleted"
 return="void"
 abstract="true"
 native="false"
 synchronized="false"
 static="false"
 final="false"
 deprecated="not deprecated"
 visibility="public"
>
<parameter name="ad" type="com.inmobi.ads.InMobiBanner">
</parameter>
<parameter name="rewards" type="java.util.Map&lt;java.lang.Object, java.lang.Object&gt;">
</parameter>
</method>
<method name="onUserLeftApplication"
 return="void"
 abstract="true"
 native="false"
 synchronized="false"
 static="false"
 final="false"
 deprecated="not deprecated"
 visibility="public"
>
<parameter name="ad" type="com.inmobi.ads.InMobiBanner">
</parameter>
</method>
</interface>
<class name="InMobiCustomNative"
 extends="com.inmobi.ads.InMobiNative"
 abstract="false"
 static="false"
 final="true"
 deprecated="not deprecated"
 visibility="public"
>
<constructor name="InMobiCustomNative"
 type="com.inmobi.ads.InMobiCustomNative"
 static="false"
 final="false"
 deprecated="deprecated"
 visibility="public"
>
<parameter name="placementId" type="long">
</parameter>
<parameter name="listener" type="com.inmobi.ads.InMobiNative.NativeAdListener">
</parameter>
</constructor>
<constructor name="InMobiCustomNative"
 type="com.inmobi.ads.InMobiCustomNative"
 static="false"
 final="false"
 deprecated="not deprecated"
 visibility="public"
>
<parameter name="activity" type="Activity">
</parameter>
<parameter name="placementId" type="long">
</parameter>
<parameter name="listener" type="com.inmobi.ads.InMobiNative.NativeAdListener">
</parameter>
</constructor>
<method name="bind"
 return="void"
 abstract="false"
 native="false"
 synchronized="false"
 static="true"
 final="false"
 deprecated="not deprecated"
 visibility="public"
>
<parameter name="view" type="View">
</parameter>
<parameter name="inMobiNative" type="com.inmobi.ads.InMobiNative">
</parameter>
<parameter name="impressionTrackerUrl" type="java.net.URL">
</parameter>
</method>
<method name="bind"
 return="void"
 abstract="false"
 native="false"
 synchronized="false"
 static="true"
 final="false"
 deprecated="not deprecated"
 visibility="public"
>
<parameter name="view" type="View">
</parameter>
<parameter name="inMobiNative" type="com.inmobi.ads.InMobiNative">
</parameter>
<parameter name="impressionTrackerJs" type="java.lang.String">
</parameter>
</method>
<method name="reportAdClick"
 return="void"
 abstract="false"
 native="false"
 synchronized="false"
 static="false"
 final="true"
 deprecated="not deprecated"
 visibility="public"
>
<parameter name="clickTrackerUrl" type="java.net.URL">
</parameter>
<parameter name="extras" type="java.util.Map&lt;java.lang.String, java.lang.String&gt;">
</parameter>
</method>
<method name="reportAdClick"
 return="void"
 abstract="false"
 native="false"
 synchronized="false"
 static="false"
 final="true"
 deprecated="not deprecated"
 visibility="public"
>
<parameter name="clickTrackerJs" type="java.lang.String">
</parameter>
<parameter name="extras" type="java.util.Map&lt;java.lang.String, java.lang.String&gt;">
</parameter>
</method>
<method name="reportAdClickAndOpenLandingPage"
 return="void"
 abstract="false"
 native="false"
 synchronized="false"
 static="false"
 final="true"
 deprecated="not deprecated"
 visibility="public"
>
<parameter name="clickTrackerUrl" type="java.net.URL">
</parameter>
<parameter name="extras" type="java.util.Map&lt;java.lang.String, java.lang.String&gt;">
</parameter>
</method>
<method name="reportAdClickAndOpenLandingPage"
 return="void"
 abstract="false"
 native="false"
 synchronized="false"
 static="false"
 final="true"
 deprecated="not deprecated"
 visibility="public"
>
<parameter name="clickTrackerJs" type="java.lang.String">
</parameter>
<parameter name="extras" type="java.util.Map&lt;java.lang.String, java.lang.String&gt;">
</parameter>
</method>
</class>
<class name="InMobiInterstitial"
 extends="java.lang.Object"
 abstract="false"
 static="false"
 final="true"
 deprecated="not deprecated"
 visibility="public"
>
<constructor name="InMobiInterstitial"
 type="com.inmobi.ads.InMobiInterstitial"
 static="false"
 final="false"
 deprecated="deprecated"
 visibility="public"
>
<parameter name="context" type="Context">
</parameter>
<parameter name="placementId" type="long">
</parameter>
<parameter name="listener" type="com.inmobi.ads.InMobiInterstitial.InterstitialAdListener">
</parameter>
</constructor>
<constructor name="InMobiInterstitial"
 type="com.inmobi.ads.InMobiInterstitial"
 static="false"
 final="false"
 deprecated="not deprecated"
 visibility="public"
>
<parameter name="activity" type="Activity">
</parameter>
<parameter name="placementId" type="long">
</parameter>
<parameter name="listener" type="com.inmobi.ads.InMobiInterstitial.InterstitialAdListener2">
</parameter>
</constructor>
<method name="disableHardwareAcceleration"
 return="void"
 abstract="false"
 native="false"
 synchronized="false"
 static="false"
 final="false"
 deprecated="not deprecated"
 visibility="public"
>
</method>
<method name="isReady"
 return="boolean"
 abstract="false"
 native="false"
 synchronized="false"
 static="false"
 final="false"
 deprecated="not deprecated"
 visibility="public"
>
</method>
<method name="load"
 return="void"
 abstract="false"
 native="false"
 synchronized="false"
 static="false"
 final="false"
 deprecated="not deprecated"
 visibility="public"
>
</method>
<method name="setExtras"
 return="void"
 abstract="false"
 native="false"
 synchronized="false"
 static="false"
 final="false"
 deprecated="not deprecated"
 visibility="public"
>
<parameter name="extras" type="java.util.Map&lt;java.lang.String, java.lang.String&gt;">
</parameter>
</method>
<method name="setKeywords"
 return="void"
 abstract="false"
 native="false"
 synchronized="false"
 static="false"
 final="false"
 deprecated="not deprecated"
 visibility="public"
>
<parameter name="keywords" type="java.lang.String">
</parameter>
</method>
<method name="show"
 return="void"
 abstract="false"
 native="false"
 synchronized="false"
 static="false"
 final="false"
 deprecated="not deprecated"
 visibility="public"
>
</method>
<method name="show"
 return="void"
 abstract="false"
 native="false"
 synchronized="false"
 static="false"
 final="false"
 deprecated="not deprecated"
 visibility="public"
>
<parameter name="enterAnimationResourcedId" type="int">
</parameter>
<parameter name="exitAnimationResourceId" type="int">
</parameter>
</method>
</class>
<interface name="InMobiInterstitial.InterstitialAdListener"
 abstract="true"
 static="true"
 final="false"
 deprecated="deprecated"
 visibility="public"
>
<method name="onAdDismissed"
 return="void"
 abstract="true"
 native="false"
 synchronized="false"
 static="false"
 final="false"
 deprecated="not deprecated"
 visibility="public"
>
<parameter name="ad" type="com.inmobi.ads.InMobiInterstitial">
</parameter>
</method>
<method name="onAdDisplayed"
 return="void"
 abstract="true"
 native="false"
 synchronized="false"
 static="false"
 final="false"
 deprecated="not deprecated"
 visibility="public"
>
<parameter name="ad" type="com.inmobi.ads.InMobiInterstitial">
</parameter>
</method>
<method name="onAdInteraction"
 return="void"
 abstract="true"
 native="false"
 synchronized="false"
 static="false"
 final="false"
 deprecated="not deprecated"
 visibility="public"
>
<parameter name="ad" type="com.inmobi.ads.InMobiInterstitial">
</parameter>
<parameter name="params" type="java.util.Map&lt;java.lang.Object, java.lang.Object&gt;">
</parameter>
</method>
<method name="onAdLoadFailed"
 return="void"
 abstract="true"
 native="false"
 synchronized="false"
 static="false"
 final="false"
 deprecated="not deprecated"
 visibility="public"
>
<parameter name="ad" type="com.inmobi.ads.InMobiInterstitial">
</parameter>
<parameter name="status" type="com.inmobi.ads.InMobiAdRequestStatus">
</parameter>
</method>
<method name="onAdLoadSucceeded"
 return="void"
 abstract="true"
 native="false"
 synchronized="false"
 static="false"
 final="false"
 deprecated="not deprecated"
 visibility="public"
>
<parameter name="ad" type="com.inmobi.ads.InMobiInterstitial">
</parameter>
</method>
<method name="onAdRewardActionCompleted"
 return="void"
 abstract="true"
 native="false"
 synchronized="false"
 static="false"
 final="false"
 deprecated="not deprecated"
 visibility="public"
>
<parameter name="ad" type="com.inmobi.ads.InMobiInterstitial">
</parameter>
<parameter name="rewards" type="java.util.Map&lt;java.lang.Object, java.lang.Object&gt;">
</parameter>
</method>
<method name="onUserLeftApplication"
 return="void"
 abstract="true"
 native="false"
 synchronized="false"
 static="false"
 final="false"
 deprecated="not deprecated"
 visibility="public"
>
<parameter name="ad" type="com.inmobi.ads.InMobiInterstitial">
</parameter>
</method>
</interface>
<interface name="InMobiInterstitial.InterstitialAdListener2"
 abstract="true"
 static="true"
 final="false"
 deprecated="not deprecated"
 visibility="public"
>
<method name="onAdDismissed"
 return="void"
 abstract="true"
 native="false"
 synchronized="false"
 static="false"
 final="false"
 deprecated="not deprecated"
 visibility="public"
>
<parameter name="ad" type="com.inmobi.ads.InMobiInterstitial">
</parameter>
</method>
<method name="onAdDisplayFailed"
 return="void"
 abstract="true"
 native="false"
 synchronized="false"
 static="false"
 final="false"
 deprecated="not deprecated"
 visibility="public"
>
<parameter name="ad" type="com.inmobi.ads.InMobiInterstitial">
</parameter>
</method>
<method name="onAdDisplayed"
 return="void"
 abstract="true"
 native="false"
 synchronized="false"
 static="false"
 final="false"
 deprecated="not deprecated"
 visibility="public"
>
<parameter name="ad" type="com.inmobi.ads.InMobiInterstitial">
</parameter>
</method>
<method name="onAdInteraction"
 return="void"
 abstract="true"
 native="false"
 synchronized="false"
 static="false"
 final="false"
 deprecated="not deprecated"
 visibility="public"
>
<parameter name="ad" type="com.inmobi.ads.InMobiInterstitial">
</parameter>
<parameter name="params" type="java.util.Map&lt;java.lang.Object, java.lang.Object&gt;">
</parameter>
</method>
<method name="onAdLoadFailed"
 return="void"
 abstract="true"
 native="false"
 synchronized="false"
 static="false"
 final="false"
 deprecated="not deprecated"
 visibility="public"
>
<parameter name="ad" type="com.inmobi.ads.InMobiInterstitial">
</parameter>
<parameter name="status" type="com.inmobi.ads.InMobiAdRequestStatus">
</parameter>
</method>
<method name="onAdLoadSucceeded"
 return="void"
 abstract="true"
 native="false"
 synchronized="false"
 static="false"
 final="false"
 deprecated="not deprecated"
 visibility="public"
>
<parameter name="ad" type="com.inmobi.ads.InMobiInterstitial">
</parameter>
</method>
<method name="onAdReceived"
 return="void"
 abstract="true"
 native="false"
 synchronized="false"
 static="false"
 final="false"
 deprecated="not deprecated"
 visibility="public"
>
<parameter name="ad" type="com.inmobi.ads.InMobiInterstitial">
</parameter>
</method>
<method name="onAdRewardActionCompleted"
 return="void"
 abstract="true"
 native="false"
 synchronized="false"
 static="false"
 final="false"
 deprecated="not deprecated"
 visibility="public"
>
<parameter name="ad" type="com.inmobi.ads.InMobiInterstitial">
</parameter>
<parameter name="rewards" type="java.util.Map&lt;java.lang.Object, java.lang.Object&gt;">
</parameter>
</method>
<method name="onAdWillDisplay"
 return="void"
 abstract="true"
 native="false"
 synchronized="false"
 static="false"
 final="false"
 deprecated="not deprecated"
 visibility="public"
>
<parameter name="ad" type="com.inmobi.ads.InMobiInterstitial">
</parameter>
</method>
<method name="onUserLeftApplication"
 return="void"
 abstract="true"
 native="false"
 synchronized="false"
 static="false"
 final="false"
 deprecated="not deprecated"
 visibility="public"
>
<parameter name="ad" type="com.inmobi.ads.InMobiInterstitial">
</parameter>
</method>
</interface>
<class name="InMobiNative"
 extends="java.lang.Object"
 abstract="false"
 static="false"
 final="false"
 deprecated="not deprecated"
 visibility="public"
>
<constructor name="InMobiNative"
 type="com.inmobi.ads.InMobiNative"
 static="false"
 final="false"
 deprecated="deprecated"
 visibility="public"
>
<parameter name="placementId" type="long">
</parameter>
<parameter name="listener" type="com.inmobi.ads.InMobiNative.NativeAdListener">
</parameter>
</constructor>
<constructor name="InMobiNative"
 type="com.inmobi.ads.InMobiNative"
 static="false"
 final="false"
 deprecated="not deprecated"
 visibility="public"
>
<parameter name="activity" type="Activity">
</parameter>
<parameter name="placementId" type="long">
</parameter>
<parameter name="listener" type="com.inmobi.ads.InMobiNative.NativeAdListener">
</parameter>
</constructor>
<method name="bind"
 return="void"
 abstract="false"
 native="false"
 synchronized="false"
 static="true"
 final="false"
 deprecated="not deprecated"
 visibility="public"
>
<parameter name="view" type="View">
</parameter>
<parameter name="inMobiNative" type="com.inmobi.ads.InMobiNative">
</parameter>
</method>
<method name="getAdContent"
 return="java.lang.Object"
 abstract="false"
 native="false"
 synchronized="false"
 static="false"
 final="true"
 deprecated="not deprecated"
 visibility="public"
>
</method>
<method name="load"
 return="void"
 abstract="false"
 native="false"
 synchronized="false"
 static="false"
 final="true"
 deprecated="not deprecated"
 visibility="public"
>
</method>
<method name="pause"
 return="void"
 abstract="false"
 native="false"
 synchronized="false"
 static="false"
 final="true"
 deprecated="deprecated"
 visibility="public"
>
</method>
<method name="reportAdClick"
 return="void"
 abstract="false"
 native="false"
 synchronized="false"
 static="false"
 final="true"
 deprecated="not deprecated"
 visibility="public"
>
<parameter name="extras" type="java.util.Map&lt;java.lang.String, java.lang.String&gt;">
</parameter>
</method>
<method name="reportAdClickAndOpenLandingPage"
 return="void"
 abstract="false"
 native="false"
 synchronized="false"
 static="false"
 final="true"
 deprecated="not deprecated"
 visibility="public"
>
<parameter name="extras" type="java.util.Map&lt;java.lang.String, java.lang.String&gt;">
</parameter>
</method>
<method name="resume"
 return="void"
 abstract="false"
 native="false"
 synchronized="false"
 static="false"
 final="true"
 deprecated="deprecated"
 visibility="public"
>
</method>
<method name="setExtras"
 return="void"
 abstract="false"
 native="false"
 synchronized="false"
 static="false"
 final="true"
 deprecated="not deprecated"
 visibility="public"
>
<parameter name="extras" type="java.util.Map&lt;java.lang.String, java.lang.String&gt;">
</parameter>
</method>
<method name="setKeywords"
 return="void"
 abstract="false"
 native="false"
 synchronized="false"
 static="false"
 final="true"
 deprecated="not deprecated"
 visibility="public"
>
<parameter name="keywords" type="java.lang.String">
</parameter>
</method>
<method name="setNativeAdEventListener"
 return="void"
 abstract="false"
 native="false"
 synchronized="false"
 static="false"
 final="true"
 deprecated="not deprecated"
 visibility="public"
>
<parameter name="listener" type="com.inmobi.ads.InMobiNative.NativeAdEventsListener">
</parameter>
</method>
<method name="unbind"
 return="void"
 abstract="false"
 native="false"
 synchronized="false"
 static="true"
 final="false"
 deprecated="not deprecated"
 visibility="public"
>
<parameter name="view" type="View">
</parameter>
</method>
</class>
<interface name="InMobiNative.NativeAdEventsListener"
 abstract="true"
 static="true"
 final="false"
 deprecated="not deprecated"
 visibility="public"
>
<method name="onAdImpressed"
 return="void"
 abstract="true"
 native="false"
 synchronized="false"
 static="false"
 final="false"
 deprecated="not deprecated"
 visibility="public"
>
<parameter name="ad" type="com.inmobi.ads.InMobiNative">
</parameter>
</method>
</interface>
<interface name="InMobiNative.NativeAdListener"
 abstract="true"
 static="true"
 final="false"
 deprecated="not deprecated"
 visibility="public"
>
<method name="onAdDismissed"
 return="void"
 abstract="true"
 native="false"
 synchronized="false"
 static="false"
 final="false"
 deprecated="not deprecated"
 visibility="public"
>
<parameter name="ad" type="com.inmobi.ads.InMobiNative">
</parameter>
</method>
<method name="onAdDisplayed"
 return="void"
 abstract="true"
 native="false"
 synchronized="false"
 static="false"
 final="false"
 deprecated="not deprecated"
 visibility="public"
>
<parameter name="ad" type="com.inmobi.ads.InMobiNative">
</parameter>
</method>
<method name="onAdLoadFailed"
 return="void"
 abstract="true"
 native="false"
 synchronized="false"
 static="false"
 final="false"
 deprecated="not deprecated"
 visibility="public"
>
<parameter name="ad" type="com.inmobi.ads.InMobiNative">
</parameter>
<parameter name="status" type="com.inmobi.ads.InMobiAdRequestStatus">
</parameter>
</method>
<method name="onAdLoadSucceeded"
 return="void"
 abstract="true"
 native="false"
 synchronized="false"
 static="false"
 final="false"
 deprecated="not deprecated"
 visibility="public"
>
<parameter name="ad" type="com.inmobi.ads.InMobiNative">
</parameter>
</method>
<method name="onUserLeftApplication"
 return="void"
 abstract="true"
 native="false"
 synchronized="false"
 static="false"
 final="false"
 deprecated="not deprecated"
 visibility="public"
>
<parameter name="ad" type="com.inmobi.ads.InMobiNative">
</parameter>
</method>
</interface>
<class name="InMobiNativeStrand"
 extends="java.lang.Object"
 abstract="false"
 static="false"
 final="true"
 deprecated="not deprecated"
 visibility="public"
>
<constructor name="InMobiNativeStrand"
 type="com.inmobi.ads.InMobiNativeStrand"
 static="false"
 final="false"
 deprecated="deprecated"
 visibility="public"
>
<parameter name="context" type="Context">
</parameter>
<parameter name="placementId" type="long">
</parameter>
<parameter name="listener" type="com.inmobi.ads.InMobiNativeStrand.NativeStrandAdListener">
</parameter>
</constructor>
<constructor name="InMobiNativeStrand"
 type="com.inmobi.ads.InMobiNativeStrand"
 static="false"
 final="false"
 deprecated="not deprecated"
 visibility="public"
>
<parameter name="activity" type="Activity">
</parameter>
<parameter name="placementId" type="long">
</parameter>
<parameter name="listener" type="com.inmobi.ads.InMobiNativeStrand.NativeStrandAdListener">
</parameter>
</constructor>
<method name="destroy"
 return="void"
 abstract="false"
 native="false"
 synchronized="false"
 static="false"
 final="false"
 deprecated="not deprecated"
 visibility="public"
>
</method>
<method name="getStrandView"
 return="View"
 abstract="false"
 native="false"
 synchronized="false"
 static="false"
 final="false"
 deprecated="not deprecated"
 visibility="public"
>
<parameter name="convertView" type="View">
</parameter>
<parameter name="parent" type="ViewGroup">
</parameter>
</method>
<method name="load"
 return="void"
 abstract="false"
 native="false"
 synchronized="false"
 static="false"
 final="false"
 deprecated="not deprecated"
 visibility="public"
>
</method>
<method name="setExtras"
 return="void"
 abstract="false"
 native="false"
 synchronized="false"
 static="false"
 final="false"
 deprecated="not deprecated"
 visibility="public"
>
<parameter name="extras" type="java.util.Map&lt;java.lang.String, java.lang.String&gt;">
</parameter>
</method>
<method name="setKeywords"
 return="void"
 abstract="false"
 native="false"
 synchronized="false"
 static="false"
 final="false"
 deprecated="not deprecated"
 visibility="public"
>
<parameter name="keywords" type="java.lang.String">
</parameter>
</method>
</class>
<interface name="InMobiNativeStrand.NativeStrandAdListener"
 abstract="true"
 static="true"
 final="false"
 deprecated="not deprecated"
 visibility="public"
>
<method name="onAdClicked"
 return="void"
 abstract="true"
 native="false"
 synchronized="false"
 static="false"
 final="false"
 deprecated="not deprecated"
 visibility="public"
>
<parameter name="nativeStrand" type="com.inmobi.ads.InMobiNativeStrand">
</parameter>
</method>
<method name="onAdImpressed"
 return="void"
 abstract="true"
 native="false"
 synchronized="false"
 static="false"
 final="false"
 deprecated="not deprecated"
 visibility="public"
>
<parameter name="nativeStrand" type="com.inmobi.ads.InMobiNativeStrand">
</parameter>
</method>
<method name="onAdLoadFailed"
 return="void"
 abstract="true"
 native="false"
 synchronized="false"
 static="false"
 final="false"
 deprecated="not deprecated"
 visibility="public"
>
<parameter name="nativeStrand" type="com.inmobi.ads.InMobiNativeStrand">
</parameter>
<parameter name="requestStatus" type="com.inmobi.ads.InMobiAdRequestStatus">
</parameter>
</method>
<method name="onAdLoadSucceeded"
 return="void"
 abstract="true"
 native="false"
 synchronized="false"
 static="false"
 final="false"
 deprecated="not deprecated"
 visibility="public"
>
<parameter name="nativeStrand" type="com.inmobi.ads.InMobiNativeStrand">
</parameter>
</method>
</interface>
<class name="InMobiStrandPositioning"
 extends="java.lang.Object"
 abstract="false"
 static="false"
 final="true"
 deprecated="not deprecated"
 visibility="public"
>
<constructor name="InMobiStrandPositioning"
 type="com.inmobi.ads.InMobiStrandPositioning"
 static="false"
 final="false"
 deprecated="not deprecated"
 visibility="public"
>
</constructor>
</class>
<class name="InMobiStrandPositioning.InMobiClientPositioning"
 extends="java.lang.Object"
 abstract="false"
 static="true"
 final="false"
 deprecated="not deprecated"
 visibility="public"
>
<constructor name="InMobiClientPositioning"
 type="com.inmobi.ads.InMobiStrandPositioning.InMobiClientPositioning"
 static="false"
 final="false"
 deprecated="not deprecated"
 visibility="public"
>
</constructor>
<method name="addFixedPosition"
 return="com.inmobi.ads.InMobiStrandPositioning.InMobiClientPositioning"
 abstract="false"
 native="false"
 synchronized="false"
 static="false"
 final="false"
 deprecated="not deprecated"
 visibility="public"
>
<parameter name="position" type="int">
</parameter>
</method>
<method name="enableRepeatingPositions"
 return="com.inmobi.ads.InMobiStrandPositioning.InMobiClientPositioning"
 abstract="false"
 native="false"
 synchronized="false"
 static="false"
 final="false"
 deprecated="not deprecated"
 visibility="public"
>
<parameter name="interval" type="int">
</parameter>
</method>
<field name="NO_REPEAT"
 type="int"
 transient="false"
 volatile="false"
 value="2147483647"
 static="true"
 final="true"
 deprecated="not deprecated"
 visibility="public"
>
</field>
</class>
</package>
<package name="com.inmobi.sdk"
>
<class name="InMobiSdk"
 extends="java.lang.Object"
 abstract="false"
 static="false"
 final="true"
 deprecated="not deprecated"
 visibility="public"
>
<constructor name="InMobiSdk"
 type="com.inmobi.sdk.InMobiSdk"
 static="false"
 final="false"
 deprecated="not deprecated"
 visibility="public"
>
</constructor>
<method name="addIdType"
 return="void"
 abstract="false"
 native="false"
 synchronized="false"
 static="true"
 final="true"
 deprecated="not deprecated"
 visibility="public"
>
<parameter name="type" type="com.inmobi.sdk.InMobiSdk.ImIdType">
</parameter>
<parameter name="value" type="java.lang.String">
</parameter>
</method>
<method name="getVersion"
 return="java.lang.String"
 abstract="false"
 native="false"
 synchronized="false"
 static="true"
 final="false"
 deprecated="not deprecated"
 visibility="public"
>
</method>
<method name="init"
 return="void"
 abstract="false"
 native="false"
 synchronized="false"
 static="true"
 final="false"
 deprecated="deprecated"
 visibility="public"
>
<parameter name="context" type="Context">
</parameter>
<parameter name="accountId" type="java.lang.String">
</parameter>
</method>
<method name="init"
 return="void"
 abstract="false"
 native="false"
 synchronized="false"
 static="true"
 final="false"
 deprecated="not deprecated"
 visibility="public"
>
<parameter name="activity" type="Activity">
</parameter>
<parameter name="accountId" type="java.lang.String">
</parameter>
</method>
<method name="removeIdType"
 return="void"
 abstract="false"
 native="false"
 synchronized="false"
 static="true"
 final="true"
 deprecated="not deprecated"
 visibility="public"
>
<parameter name="type" type="com.inmobi.sdk.InMobiSdk.ImIdType">
</parameter>
</method>
<method name="setAge"
 return="void"
 abstract="false"
 native="false"
 synchronized="false"
 static="true"
 final="true"
 deprecated="not deprecated"
 visibility="public"
>
<parameter name="age" type="int">
</parameter>
</method>
<method name="setAgeGroup"
 return="void"
 abstract="false"
 native="false"
 synchronized="false"
 static="true"
 final="true"
 deprecated="not deprecated"
 visibility="public"
>
<parameter name="group" type="com.inmobi.sdk.InMobiSdk.AgeGroup">
</parameter>
</method>
<method name="setAreaCode"
 return="void"
 abstract="false"
 native="false"
 synchronized="false"
 static="true"
 final="true"
 deprecated="not deprecated"
 visibility="public"
>
<parameter name="areaCode" type="java.lang.String">
</parameter>
</method>
<method name="setEducation"
 return="void"
 abstract="false"
 native="false"
 synchronized="false"
 static="true"
 final="true"
 deprecated="not deprecated"
 visibility="public"
>
<parameter name="education" type="com.inmobi.sdk.InMobiSdk.Education">
</parameter>
</method>
<method name="setEthnicity"
 return="void"
 abstract="false"
 native="false"
 synchronized="false"
 static="true"
 final="true"
 deprecated="not deprecated"
 visibility="public"
>
<parameter name="ethnicity" type="com.inmobi.sdk.InMobiSdk.Ethnicity">
</parameter>
</method>
<method name="setGender"
 return="void"
 abstract="false"
 native="false"
 synchronized="false"
 static="true"
 final="true"
 deprecated="not deprecated"
 visibility="public"
>
<parameter name="gender" type="com.inmobi.sdk.InMobiSdk.Gender">
</parameter>
</method>
<method name="setHouseHoldIncome"
 return="void"
 abstract="false"
 native="false"
 synchronized="false"
 static="true"
 final="true"
 deprecated="not deprecated"
 visibility="public"
>
<parameter name="houseHoldIncome" type="com.inmobi.sdk.InMobiSdk.HouseHoldIncome">
</parameter>
</method>
<method name="setIncome"
 return="void"
 abstract="false"
 native="false"
 synchronized="false"
 static="true"
 final="true"
 deprecated="not deprecated"
 visibility="public"
>
<parameter name="income" type="int">
</parameter>
</method>
<method name="setInterests"
 return="void"
 abstract="false"
 native="false"
 synchronized="false"
 static="true"
 final="true"
 deprecated="not deprecated"
 visibility="public"
>
<parameter name="interests" type="java.lang.String">
</parameter>
</method>
<method name="setLanguage"
 return="void"
 abstract="false"
 native="false"
 synchronized="false"
 static="true"
 final="true"
 deprecated="not deprecated"
 visibility="public"
>
<parameter name="language" type="java.lang.String">
</parameter>
</method>
<method name="setLocation"
 return="void"
 abstract="false"
 native="false"
 synchronized="false"
 static="true"
 final="true"
 deprecated="not deprecated"
 visibility="public"
>
<parameter name="location" type="Location">
</parameter>
</method>
<method name="setLocationWithCityStateCountry"
 return="void"
 abstract="false"
 native="false"
 synchronized="false"
 static="true"
 final="true"
 deprecated="not deprecated"
 visibility="public"
>
<parameter name="city" type="java.lang.String">
</parameter>
<parameter name="state" type="java.lang.String">
</parameter>
<parameter name="country" type="java.lang.String">
</parameter>
</method>
<method name="setLogLevel"
 return="void"
 abstract="false"
 native="false"
 synchronized="false"
 static="true"
 final="false"
 deprecated="not deprecated"
 visibility="public"
>
<parameter name="logLevel" type="com.inmobi.sdk.InMobiSdk.LogLevel">
</parameter>
</method>
<method name="setNationality"
 return="void"
 abstract="false"
 native="false"
 synchronized="false"
 static="true"
 final="true"
 deprecated="not deprecated"
 visibility="public"
>
<parameter name="nationality" type="java.lang.String">
</parameter>
</method>
<method name="setPostalCode"
 return="void"
 abstract="false"
 native="false"
 synchronized="false"
 static="true"
 final="true"
 deprecated="not deprecated"
 visibility="public"
>
<parameter name="postalCode" type="java.lang.String">
</parameter>
</method>
<method name="setYearOfBirth"
 return="void"
 abstract="false"
 native="false"
 synchronized="false"
 static="true"
 final="true"
 deprecated="not deprecated"
 visibility="public"
>
<parameter name="yearOfBirth" type="int">
</parameter>
</method>
</class>
<class name="InMobiSdk.AgeGroup"
 extends="java.lang.Enum"
 abstract="false"
 static="true"
 final="true"
 deprecated="not deprecated"
 visibility="public"
>
<method name="valueOf"
 return="com.inmobi.sdk.InMobiSdk.AgeGroup"
 abstract="false"
 native="false"
 synchronized="false"
 static="true"
 final="false"
 deprecated="not deprecated"
 visibility="public"
>
<parameter name="name" type="java.lang.String">
</parameter>
</method>
<method name="values"
 return="com.inmobi.sdk.InMobiSdk.AgeGroup[]"
 abstract="false"
 native="false"
 synchronized="false"
 static="true"
 final="true"
 deprecated="not deprecated"
 visibility="public"
>
</method>
</class>
<class name="InMobiSdk.Education"
 extends="java.lang.Enum"
 abstract="false"
 static="true"
 final="true"
 deprecated="not deprecated"
 visibility="public"
>
<method name="valueOf"
 return="com.inmobi.sdk.InMobiSdk.Education"
 abstract="false"
 native="false"
 synchronized="false"
 static="true"
 final="false"
 deprecated="not deprecated"
 visibility="public"
>
<parameter name="name" type="java.lang.String">
</parameter>
</method>
<method name="values"
 return="com.inmobi.sdk.InMobiSdk.Education[]"
 abstract="false"
 native="false"
 synchronized="false"
 static="true"
 final="true"
 deprecated="not deprecated"
 visibility="public"
>
</method>
</class>
<class name="InMobiSdk.Ethnicity"
 extends="java.lang.Enum"
 abstract="false"
 static="true"
 final="true"
 deprecated="not deprecated"
 visibility="public"
>
<method name="valueOf"
 return="com.inmobi.sdk.InMobiSdk.Ethnicity"
 abstract="false"
 native="false"
 synchronized="false"
 static="true"
 final="false"
 deprecated="not deprecated"
 visibility="public"
>
<parameter name="name" type="java.lang.String">
</parameter>
</method>
<method name="values"
 return="com.inmobi.sdk.InMobiSdk.Ethnicity[]"
 abstract="false"
 native="false"
 synchronized="false"
 static="true"
 final="true"
 deprecated="not deprecated"
 visibility="public"
>
</method>
</class>
<class name="InMobiSdk.Gender"
 extends="java.lang.Enum"
 abstract="false"
 static="true"
 final="true"
 deprecated="not deprecated"
 visibility="public"
>
<method name="valueOf"
 return="com.inmobi.sdk.InMobiSdk.Gender"
 abstract="false"
 native="false"
 synchronized="false"
 static="true"
 final="false"
 deprecated="not deprecated"
 visibility="public"
>
<parameter name="name" type="java.lang.String">
</parameter>
</method>
<method name="values"
 return="com.inmobi.sdk.InMobiSdk.Gender[]"
 abstract="false"
 native="false"
 synchronized="false"
 static="true"
 final="true"
 deprecated="not deprecated"
 visibility="public"
>
</method>
</class>
<class name="InMobiSdk.HouseHoldIncome"
 extends="java.lang.Enum"
 abstract="false"
 static="true"
 final="true"
 deprecated="not deprecated"
 visibility="public"
>
<method name="valueOf"
 return="com.inmobi.sdk.InMobiSdk.HouseHoldIncome"
 abstract="false"
 native="false"
 synchronized="false"
 static="true"
 final="false"
 deprecated="not deprecated"
 visibility="public"
>
<parameter name="name" type="java.lang.String">
</parameter>
</method>
<method name="values"
 return="com.inmobi.sdk.InMobiSdk.HouseHoldIncome[]"
 abstract="false"
 native="false"
 synchronized="false"
 static="true"
 final="true"
 deprecated="not deprecated"
 visibility="public"
>
</method>
</class>
<class name="InMobiSdk.ImIdType"
 extends="java.lang.Enum"
 abstract="false"
 static="true"
 final="true"
 deprecated="not deprecated"
 visibility="public"
>
<method name="valueOf"
 return="com.inmobi.sdk.InMobiSdk.ImIdType"
 abstract="false"
 native="false"
 synchronized="false"
 static="true"
 final="false"
 deprecated="not deprecated"
 visibility="public"
>
<parameter name="name" type="java.lang.String">
</parameter>
</method>
<method name="values"
 return="com.inmobi.sdk.InMobiSdk.ImIdType[]"
 abstract="false"
 native="false"
 synchronized="false"
 static="true"
 final="true"
 deprecated="not deprecated"
 visibility="public"
>
</method>
</class>
<class name="InMobiSdk.LogLevel"
 extends="java.lang.Enum"
 abstract="false"
 static="true"
 final="true"
 deprecated="not deprecated"
 visibility="public"
>
<method name="valueOf"
 return="com.inmobi.sdk.InMobiSdk.LogLevel"
 abstract="false"
 native="false"
 synchronized="false"
 static="true"
 final="false"
 deprecated="not deprecated"
 visibility="public"
>
<parameter name="name" type="java.lang.String">
</parameter>
</method>
<method name="values"
 return="com.inmobi.sdk.InMobiSdk.LogLevel[]"
 abstract="false"
 native="false"
 synchronized="false"
 static="true"
 final="true"
 deprecated="not deprecated"
 visibility="public"
>
</method>
</class>
</package>
</api>
